Name;Pieces;;Price;
Iron Spider-Man;91;Iron Spider-Man-91;9.99;
Stitch;152;Stitch-152;9.99;
Potted Groot;113;Potted Groot-113;9.99;
Spring Festival Mickey Mouse;120;Spring Festival Mickey Mouse-120;9.99;
Cherry Blossoms;438;Cherry Blossoms-438;14.99;
Retro Camera;261;Retro Camera-261;19.99;
EVE & WALLâ€¢E;155;EVE & WALLâ€¢E-155;14.99;
St. Bernard;236;St. Bernard-236;14.99;
Exotic Peacock;355;Exotic Peacock-355;19.99;
Japan Postcard;262;Japan Postcard-262;14.99;
Daffodils;216;Daffodils-216;14.99;
Red Dragon;149;Red Dragon-149;9.99;
Burger Truck;194;Burger Truck-194;19.99;
Yoshis' Egg-cellent Forest Expansion Set;107;Yoshis' Egg-cellent Forest Expansion Set-107;9.99;
Flatbed Truck with Helicopter;270;Flatbed Truck with Helicopter-270;19.99;
Sonic the Hedgehog;139;Sonic the Hedgehog-139;9.99;
Hedgehog Picnic Date;166;Hedgehog Picnic Date-166;12.99;
Interstellar Spaceship;240;Interstellar Spaceship-240;19.99;
Gandalf the Grey and Balrog;348;Gandalf the Grey and Balrog-348;19.99;
Sailboat;103;Sailboat-103;19.99;
Construction Steamroller;78;Construction Steamroller-78;9.99;
Heavy-Duty Bulldozer;195;Heavy-Duty Bulldozer-195;12.99;
Off-Road Race Buggy;219;Off-Road Race Buggy-219;19.99;
Sonic the Hedgehog: Knuckles & Shadow;298;Sonic the Hedgehog: Knuckles & Shadow-298;19.99;
"Miles ""Tails"" Prower";131;"Miles ""Tails"" Prower-131";9.99;
Go-Karts and Race Drivers;99;Go-Karts and Race Drivers-99;9.99;
Motorcycle Chase: Spider-Man vs. Doc Ock;77;Motorcycle Chase: Spider-Man vs. Doc Ock-77;9.99;
‘Up’ House;598;‘Up’ House-598;59.99;
Spring Animal Playground â€‹ â€‹;172;Spring Animal Playground â€‹ â€‹-172;12.99;
Obi-Wan Kenobi & Darth Vader;260;Obi-Wan Kenobi & Darth Vader-260;19.99;
Arin's Battle Mech;104;Arin's Battle Mech-104;15.99;
War Machine Mech Armor;154;War Machine Mech Armor-154;14.99;
Hamster Playground;167;Hamster Playground-167;19.99;
Space Construction Mech;140;Space Construction Mech-140;10.99;
Cat Playground Adventure;87;Cat Playground Adventure-87;10.99;
Blue Monster Truck;148;Blue Monster Truck-148;15.99;
Aston Martin DB5;298;Aston Martin DB5-298;19.99;
Tusken Raider;152;Tusken Raider-152;9.99;
Fire Rescue Helicopter;87;Fire Rescue Helicopter-87;9.99;
2023 McLaren Formula 1 Car;245;2023 McLaren Formula 1 Car-245;26.99;
Mobile Bakery Food Cart;125;Mobile Bakery Food Cart-125;10.99;
4x4 Fire Engine with Rescue Boat;302;4x4 Fire Engine with Rescue Boat-302;34.99;
Hot Dog Food Truck;100;Hot Dog Food Truck-100;19.99;
Cruella & Maleficent;320;Cruella & Maleficent-320;19.99;
Arin's Ninja Off-Road Buggy Car;267;Arin's Ninja Off-Road Buggy Car-267;49.99;
Moana & Merida;410;Moana & Merida-410;19.99;
Spaceship and Asteroid Discovery;126;Spaceship and Asteroid Discovery-126;19.99;
Frodo & Gollum;184;Frodo & Gollum-184;14.99;
Jay's Mech Battle Pack;78;Jay's Mech Battle Pack-78;9.99;
Harry Potter & Cho Chang;267;Harry Potter & Cho Chang-267;19.99;
Emergency Rescue Helicopter;226;Emergency Rescue Helicopter-226;19.99;
Arin's Dragon Glider;27;Arin's Dragon Glider-27;9.99;
Autumn's Baby Cow Shed;79;Autumn's Baby Cow Shed-79;10.99;
Aragorn and Arwen;261;Aragorn and Arwen-261;19.99;
Steve's Desert Expedition;75;Steve's Desert Expedition-75;10.99;
Daily Routines: Bath Time;15;Daily Routines: Bath Time-15;9.99;
Battle of Endor Heroes;549;Battle of Endor Heroes-549;39.99;
Draco Malfoy & Cedric Diggory;262;Draco Malfoy & Cedric Diggory-262;19.99;
Audi S1 e-tron quattro Race Car;274;Audi S1 e-tron quattro Race Car-274;26.99;
Electric Car and Charger;170;Electric Car and Charger-170;15.99;
Police Car and Muscle Car Chase;220;Police Car and Muscle Car Chase-220;19.99;
Kingsley Shacklebolt & Nymphadora Tonks;250;Kingsley Shacklebolt & Nymphadora Tonks-250;19.99;
Belle's Storytime Horse Carriage;63;Belle's Storytime Horse Carriage-63;15.99;
Emergency Ambulance and Snowboarder;79;Emergency Ambulance and Snowboarder-79;19.99;
Animal Train;19;Animal Train-19;19.99;
Visit to the Vet Clinic;28;Visit to the Vet Clinic-28;19.99;
Elsa's Frozen Treats;83;Elsa's Frozen Treats-83;15.99;
Chip & Dale;226;Chip & Dale-226;19.99;
Chinese New Year Pandas;249;Chinese New Year Pandas-249;19.99;
Donald Duck;90;Donald Duck-90;9.99;
Alex;86;Alex-86;9.99;
Zombie;81;Zombie-81;9.99;
Goofy and Pluto;214;Goofy and Pluto-214;14.99;
Ahsoka Tano;164;Ahsoka Tano-164;9.99;
Lion Dance Guy;239;Lion Dance Guy-239;9.99;
FC Barcelona Go Brick Me;530;FC Barcelona Go Brick Me-530;19.99;
Harry, Hermione, Ron & Hagrid;466;Harry, Hermione, Ron & Hagrid-466;24.99;
Avengers Tower;5206;Avengers Tower-5206;499.99;
Llama;100;Llama-100;9.99;
Manchester United Go Brick Me;530;Manchester United Go Brick Me-530;19.99;
Professors of Hogwarts;605;Professors of Hogwarts-605;39.99;
Baby Dinosaur Rescue Center;139;Baby Dinosaur Rescue Center-139;39.99;
Roses;120;Roses-120;14.99;
Lotus Flowers;220;Lotus Flowers-220;14.99;
Sunflowers;191;Sunflowers-191;14.99;
Fire Rescue Motorcycle;57;Fire Rescue Motorcycle-57;9.99;
Green Race Car;56;Green Race Car-56;9.99;
Izzie's Narwhal Hot-Air Balloon;156;Izzie's Narwhal Hot-Air Balloon-156;15.99;
Land Rover Classic Defender;150;Land Rover Classic Defender-150;14.99;
Mateo's Off-Road Car;94;Mateo's Off-Road Car-94;9.99;
Caring for Bees & Beehives;22;Caring for Bees & Beehives-22;19.99;
Horse and Pony Trailer;105;Horse and Pony Trailer-105;19.99;
Tiny Accessories Store;129;Tiny Accessories Store-129;10.99;
Karaoke Music Party;196;Karaoke Music Party-196;19.99;
Big Feelings & Emotions;23;Big Feelings & Emotions-23;29.99;
BMW M4 GT3 & BMW M Hybrid V8 Race Cars;676;BMW M4 GT3 & BMW M Hybrid V8 Race Cars-676;44.99;
Boarding the Tantive IV;502;Boarding the Tantive IV-502;54.99;
Space Shuttle;144;Space Shuttle-144;9.99;
BricQ Motion Essential;523;BricQ Motion Essential-523;149.95;
BricQ Motion Prime;568;BricQ Motion Prime-568;149.95;
Birthday Cake;211;Birthday Cake-211;14.99;
Buildable People with Big Emotions;71;Buildable People with Big Emotions-71;49.99;
Bunnie's Outdoor Activities;164;Bunnie's Outdoor Activities-164;19.99;
Vintage Motorcycle;128;Vintage Motorcycle-128;14.99;
Millennium Falcon Holiday Diorama;282;Millennium Falcon Holiday Diorama-282;29.99;
Light;1;Light-1;9.99;
Yellow Taxi;124;Yellow Taxi-124;9.99;
Supersonic-jet;215;Supersonic-jet-215;19.99;
Money Tree;336;Money Tree-336;24.99;
Fantasy Forest Creatures;175;Fantasy Forest Creatures-175;14.99;
Deep Sea Creatures;230;Deep Sea Creatures-230;14.99;
Super Robot;159;Super Robot-159;9.99;
Tulips;111;Tulips-111;9.99;
Mighty Dinosaurs;174;Mighty Dinosaurs-174;14.99;
Dolphin and Turtle;137;Dolphin and Turtle-137;9.99;
Street Racer;258;Street Racer-258;19.99;
Cute Banana Pen Holder;440;Cute Banana Pen Holder-440;19.99;
Easter Bunny;293;Easter Bunny-293;14.99;
Trophy;200;Trophy-200;12.99;
Creative Suitcase;218;Creative Suitcase-218;19.99;10713-1
Scrooge McDuck, Huey, Dewey & Louie;340;Scrooge McDuck, Huey, Dewey & Louie-340;24.99;
Mini Disney The Haunted Mansion;680;Mini Disney The Haunted Mansion-680;39.99;
2 Fast 2 Furious Nissan Skyline GT-R (R34);319;2 Fast 2 Furious Nissan Skyline GT-R (R34)-319;24.99;
501st Clone Troopers Battle Pack;121;501st Clone Troopers Battle Pack-121;19.99;
Ferrari 812 Competizione;268;Ferrari 812 Competizione-268;24.99;
332nd Ahsoka's Clone Trooper Battle Pack;108;332nd Ahsoka's Clone Trooper Battle Pack-108;19.99;
Pagani Utopia;256;Pagani Utopia-256;24.99;
Lamborghini Countach;262;Lamborghini Countach-262;19.99;
Porsche 963;287;Porsche 963-287;24.99;
New York Postcard;253;New York Postcard-253;14.99;
The Mandalorian N-1 Starfighter Microfighter;88;The Mandalorian N-1 Starfighter Microfighter-88;15.99;
Caring for Animals at the Farm;74;Caring for Animals at the Farm-74;49.99;
The Animal Sanctuary;206;The Animal Sanctuary-206;19.99;
Carousel Ride;232;Carousel Ride-232;24.95;
London Postcard;277;London Postcard-277;14.99;
Penguin Family Snow Adventure Expansion Set;228;Penguin Family Snow Adventure Expansion Set-228;19.99;
Penguin Slushy Van;194;Penguin Slushy Van-194;19.99;
Vespa;118;Vespa-118;9.99;
Stormtrooper Mech;138;Stormtrooper Mech-138;15.99;
Medium Linear Motor;1;Medium Linear Motor-1;16.99;
Black Widow & Captain America Motorcycles;130;Black Widow & Captain America Motorcycles-130;15.99;
Australia Postcard;191;Australia Postcard-191;14.99;
Boba Fett Mech;155;Boba Fett Mech-155;15.99;
Dilophosaurus Ambush;211;Dilophosaurus Ambush-211;19.99;
Darth Vader Mech;139;Darth Vader Mech-139;15.99;
Arctic Explorer Snowmobile;70;Arctic Explorer Snowmobile-70;10.99;
Jade Rabbit;288;Jade Rabbit-288;19.99;
Boba Fett's Starship Microfighter;85;Boba Fett's Starship Microfighter-85;9.99;
Imperium Dragon Hunter Hound;198;Imperium Dragon Hunter Hound-198;19.99;
Pancake Shop;157;Pancake Shop-157;10.99;
Asha in the City of Rosas;154;Asha in the City of Rosas-154;19.99;
Twirling Rapunzel;89;Twirling Rapunzel-89;9.99;
1970 Ferrari 512 M;291;1970 Ferrari 512 M-291;19.99;
Chevrolet Camaro Z/28 1969;1456;Chevrolet Camaro Z/28 1969-1456;169.99;
Guardians of the Galaxy Headquarters;67;Guardians of the Galaxy Headquarters-67;9.99;
Kai and Ras's Car and Bike Battle;103;Kai and Ras's Car and Bike Battle-103;19.99;
Bakey with Cakey Fun;58;Bakey with Cakey Fun-58;10.99;
Mateo and Z-Blob the Robot;237;Mateo and Z-Blob the Robot-237;19.99;
Sea Rescue Plane;203;Sea Rescue Plane-203;19.99;
Gabby & MerCat's Ship & Spa;89;Gabby & MerCat's Ship & Spa-89;19.99;
Lotus Evija;254;Lotus Evija-254;19.99;
Police Bike Car Chase;59;Police Bike Car Chase-59;9.99;
Monster Jam Dragon;217;Monster Jam Dragon-217;19.99;
Izzie and Bunchu the Bunny;259;Izzie and Bunchu the Bunny-259;19.99;
Monster Jam Monster Mutt Dalmatian;244;Monster Jam Monster Mutt Dalmatian-244;19.99;
Green Baseplate;1;Green Baseplate-1;7.99;
Dump Truck;177;Dump Truck-177;12.99;
Recycling Truck;15;Recycling Truck-15;19.99;
Beach Buggy Fun;61;Beach Buggy Fun-61;10.99;
Anna and Elsa's Magical Carousel;175;Anna and Elsa's Magical Carousel-175;19.99;
Rambi the Rhino Expansion Set;106;Rambi the Rhino Expansion Set-106;10.99;
The Swamp Adventure;65;The Swamp Adventure-65;9.99;
Peter Pan & Wendy's Storybook Adventure;111;Peter Pan & Wendy's Storybook Adventure-111;19.99;
Snow Groomer;178;Snow Groomer-178;12.99;
Ilu Discovery;182;Ilu Discovery-182;24.99;
Spider-Man's Car and Doc Ock;48;Spider-Man's Car and Doc Ock-48;9.99;
Creative Pastel Fun;333;Creative Pastel Fun-333;19.99;
The Bus Ride;16;The Bus Ride-16;19.99;
The Bee Cottage;254;The Bee Cottage-254;24.99;
Wind Turbine and Electric Car;16;Wind Turbine and Electric Car-16;9.99;
Cole's Earth Mech;235;Cole's Earth Mech-235;19.99;
Dog Rescue Bike;125;Dog Rescue Bike-125;9.99;
Miles Morales vs. Morbius;223;Miles Morales vs. Morbius-223;24.99;
Aliya's Room;208;Aliya's Room-208;19.99;
Jay's Lightning Jet EVO;146;Jay's Lightning Jet EVO-146;9.99;
Electric Sports Car;95;Electric Sports Car-95;9.99;
Growing Carrot;11;Growing Carrot-11;9.99;
Rocket Mech Armor;98;Rocket Mech Armor-98;14.99;
Nya's Water Dragon EVO;184;Nya's Water Dragon EVO-184;19.99;
Leo's Room;203;Leo's Room-203;19.99;
Kai's Ninja Race Car EVO;94;Kai's Ninja Race Car EVO-94;9.99;
The End Arena;252;The End Arena-252;24.99;
Fruit and Vegetable Tractor;19;Fruit and Vegetable Tractor-19;19.99;
Lloyd's Ninja Street Bike;64;Lloyd's Ninja Street Bike-64;9.99;
Liann's Room;204;Liann's Room-204;19.99;
Creative Neon Fun;333;Creative Neon Fun-333;19.99;
Train Motor;7;Train Motor-7;13.99;
Heart Box;80;Heart Box-80;19.99;
Spider-Man's House;25;Spider-Man's House-25;19.99;
Nova's Room;179;Nova's Room-179;19.99;
Monkie Kid's Combi Mech;277;Monkie Kid's Combi Mech-277;19.99;
Hulk Mech Armor;138;Hulk Mech Armor-138;14.99;
Mei's Dragon Jet;246;Mei's Dragon Jet-246;19.99;
Spinning Stunt Challenge;117;Spinning Stunt Challenge-117;39.99;
Dunk Stunt Ramp Challenge;144;Dunk Stunt Ramp Challenge-144;29.99;
Police Car;94;Police Car-94;9.99;
Hufflepuff House Banner;313;Hufflepuff House Banner-313;34.99;
Ravenclaw House Banner;305;Ravenclaw House Banner-305;34.99;
Slytherin House Banner;352;Slytherin House Banner-352;34.99;
Blue Baseplate;1;Blue Baseplate-1;7.99;
Road Plates;112;Road Plates-112;19.99;
Family House on Wheels;31;Family House on Wheels-31;19.99;
Gray Baseplate;1;Gray Baseplate-1;14.99;
Vet Van Rescue;58;Vet Van Rescue-58;9.99;
Creative Animal Drawer;643;Creative Animal Drawer-643;24.99;
Creative Animals;450;Creative Animals-450;34.99;
Conkdor's Noggin Bopper Expansion Set;130;Conkdor's Noggin Bopper Expansion Set-130;14.99;
White Baseplate;1;White Baseplate-1;7.99;
Wild Animals of Africa;11;Wild Animals of Africa-11;9.99;
High-Speed Train;284;High-Speed Train-284;19.99;
The Bakery;154;The Bakery-154;24.99;
Darth Vader Helmet;834;Darth Vader Helmet-834;79.99;
The Fox Lodge;193;The Fox Lodge-193;19.99;
Green Building Plate;1;Green Building Plate-1;14.99;
Shuri's Lab;58;Shuri's Lab-58;9.99;
Fast & Furious 1970 Dodge Charger R/T;345;Fast & Furious 1970 Dodge Charger R/T-345;19.99;
Defence of Hoth;64;Defence of Hoth-64;14.99;
Holiday Camper Van;190;Holiday Camper Van-190;19.99;
The Mushroom House;272;The Mushroom House-272;24.99;
The Knockdown Stunt Challenge;117;The Knockdown Stunt Challenge-117;34.99;
Recycling Truck;259;Recycling Truck-259;19.99;
Destinys Bounty - Race Against Time;1741;Destinys Bounty - Race Against Time-1741;159.99;
Wild Animals of the Ocean;33;Wild Animals of the Ocean-33;19.99;
Creative Monsters;140;Creative Monsters-140;9.99;
The Shark Attack Stunt Challenge;122;The Shark Attack Stunt Challenge-122;34.99;
Truck & Tracked Excavator;20;Truck & Tracked Excavator-20;19.99;
Hogwarts Carriage and Thestrals;121;Hogwarts Carriage and Thestrals-121;19.99;
The Guardian Battle;255;The Guardian Battle-255;24.99;
Creative Ocean Fun;333;Creative Ocean Fun-333;19.99;
Zyclops Chase;87;Zyclops Chase-87;19.99;
Tracks;20;Tracks-20;19.99;
Hulk vs. Rhino Truck Showdown;110;Hulk vs. Rhino Truck Showdown-110;19.99;
Yoshi's Gift House Expansion Set;246;Yoshi's Gift House Expansion Set-246;29.99;
Tractor;148;Tractor-148;19.99;
Bath Time Fun: Floating Animal Train;14;Bath Time Fun: Floating Animal Train-14;19.99;
Train Bridge and Tracks;26;Train Bridge and Tracks-26;24.99;
Police Motorcycle;5;Police Motorcycle-5;9.99;
"The ""Abandoned"" Mine";248;"The ""Abandoned"" Mine-248";19.99;
Dinosaur Nursery;27;Dinosaur Nursery-27;19.99;
Dark Trooper Attack;166;Dark Trooper Attack-166;34.99;
Pet Adoption CafÃ©;292;Pet Adoption CafÃ©-292;29.99;
Number Train - Learn To Count;23;Number Train - Learn To Count-23;19.99;
Message Board;533;Message Board-533;19.99;
Doctor Visit;34;Doctor Visit-34;19.99;
Dinosaur Fossils: T. rex Skull;575;Dinosaur Fossils: T. rex Skull-575;39.99;
Hocus Pocus;2316;Hocus Pocus-2316;229.99;
Fire Helicopter;53;Fire Helicopter-53;9.99;
Bath Time Fun: Floating Red Panda;5;Bath Time Fun: Floating Red Panda-5;9.99;
Snowtrooper Battle Pack;105;Snowtrooper Battle Pack-105;19.99;
Christmas Ornament Santa;44;Christmas Ornament Santa-44;7.99;
Remote Control;1;Remote Control-1;22.99;
Color & Distance Sensor;1;Color & Distance Sensor-1;13.99;
Toyota GR Supra;306;Toyota GR Supra-306;19.99;
Hogwarts: Polyjuice Potion Mistake;215;Hogwarts: Polyjuice Potion Mistake-215;19.99;
The Coral Reef;92;The Coral Reef-92;9.99;
Snowman & Reindeer Duo;126;Snowman & Reindeer Duo-126;9.99;
Bulldozer;10;Bulldozer-10;9.99;
Birthday Set;141;Birthday Set-141;12.99;
Tuk Tuk;155;Tuk Tuk-155;9.99;
Woody and Bo Peep;296;Woody and Bo Peep-296;19.99;
Year of the Pig;153;Year of the Pig-153;9.99;
Train Tracks;23;Train Tracks-23;19.99;
Valentine Lovebirds;298;Valentine Lovebirds-298;12.99;
Easter Rabbits Display;288;Easter Rabbits Display-288;12.99;
Princess Market Adventure;821;Princess Market Adventure-821;99.99;
Hot Rod;142;Hot Rod-142;12.99;
Chicken Skater Pod;37;Chicken Skater Pod-37;6.99;
Christmas Train Ride;169;Christmas Train Ride-169;9.99;
Wrecking Ball;227;Wrecking Ball-227;19.99;
Halloween Hayride;148;Halloween Hayride-148;12.99;
Pumpkin & Bat Duo;133;Pumpkin & Bat Duo-133;9.99;
Elsa and the Nokk Storybook Adventures;125;Elsa and the Nokk Storybook Adventures-125;19.99;
Animal Train;15;Animal Train-15;19.99;
Koenigsegg Jesko;287;Koenigsegg Jesko-287;19.99;
Olivia's Electric Car;183;Olivia's Electric Car-183;14.99;
Spider & Haunted House Pack;132;Spider & Haunted House Pack-132;9.99;
Forest Waterfall;93;Forest Waterfall-93;9.99;
Polar Bear & Gift Pack;142;Polar Bear & Gift Pack-142;9.99;
Jay's Thunder Dragon EVO;140;Jay's Thunder Dragon EVO-140;19.99;
Lots of DOTS â€“ Lettering;722;Lots of DOTS â€“ Lettering-722;19.99;
Bricks and Functions;500;Bricks and Functions-500;29.99;
Pteranodon Chase;94;Pteranodon Chase-94;19.99;
Zurg Battle;261;Zurg Battle-261;34.99;
Buzz Lightyear's Planetary Mission;37;Buzz Lightyear's Planetary Mission-37;29.99;
Attack on New Asgard;159;Attack on New Asgard-159;19.99;
Jay's Golden Dragon Motorbike;148;Jay's Golden Dragon Motorbike-148;19.99;
Big Box;479;Big Box-479;34.99;
Bathtub Stunt Bike;14;Bathtub Stunt Bike-14;7.99;
Paris Postcard;213;Paris Postcard-213;14.99;
Dobby the House Elf;403;Dobby the House Elf-403;34.99;
Beijing Postcard;276;Beijing Postcard-276;14.99;
Lloyd's Mech Battle EVO;234;Lloyd's Mech Battle EVO-234;19.99;
Thanos Mech Armor;113;Thanos Mech Armor-113;14.99;
Mobile Bubble Tea Shop;109;Mobile Bubble Tea Shop-109;9.99;
Bear Stunt Bike;10;Bear Stunt Bike-10;7.99;
Cyber Stunt Bike;13;Cyber Stunt Bike-13;7.99;
Gryffindor House Banner;285;Gryffindor House Banner-285;34.99;
Hogwarts Accessories Pack;224;Hogwarts Accessories Pack-224;14.99;
Nya's Dragon Power Spinjitzu Drift;57;Nya's Dragon Power Spinjitzu Drift-57;10.99;
Kaiâ€™s Dragon Power Spinjitzu Flip;72;Kaiâ€™s Dragon Power Spinjitzu Flip-72;10.99;
Lloyd's Dragon Power Spinjitzu Spin;56;Lloyd's Dragon Power Spinjitzu Spin-56;10.99;
Halloween Cat & Mouse;328;Halloween Cat & Mouse-328;12.99;
Donkey Kong's Tree House;555;Donkey Kong's Tree House-555;59.99;
Up-Scaled LEGO Minifigure;654;Up-Scaled LEGO Minifigure-654;49.99;
Clone Trooper & Battle Droid Battle Pack;215;Clone Trooper & Battle Droid Battle Pack-215;29.99;
Kingfisher Bird;834;Kingfisher Bird-834;49.99;
Flowers in Watering Can;420;Flowers in Watering Can-420;29.99;
Mini Disney Palace of Agrabah;506;Mini Disney Palace of Agrabah-506;39.99;
Dragon Stone Shrine;1212;Dragon Stone Shrine-1212;119.99;
Tales of the Space Age;690;Tales of the Space Age-690;49.99;
Festival Calendar;345;Festival Calendar-345;29.94;
Christmas Tree;784;Christmas Tree-784;44.99;
Race Car and Car Carrier Truck;328;Race Car and Car Carrier Truck-328;29.99;
Bowser's Muscle Car Expansion Set;458;Bowser's Muscle Car Expansion Set-458;29.99;
Heartlake City Hospital Ambulance;344;Heartlake City Hospital Ambulance-344;34.99;
NEOM McLaren Extreme E Race Car;252;NEOM McLaren Extreme E Race Car-252;26.99;
Dream Village;435;Dream Village-435;29.99;
Drill Spinner Vehicle;58;Drill Spinner Vehicle-58;9.99;
John Deere 9700 Forage Harvester;559;John Deere 9700 Forage Harvester-559;39.99;
Mack LR Electric Garbage Truck;503;Mack LR Electric Garbage Truck-503;32.99;
Everyone Is Awesome;346;Everyone Is Awesome-346;34.99;
Spider-Man vs. Sandman: Final Battle;347;Spider-Man vs. Sandman: Final Battle-347;37.99;
Elsa & Bruni in the Enchanted Forest;31;Elsa & Bruni in the Enchanted Forest-31;29.99;
Space Explorer Rover and Alien Life;311;Space Explorer Rover and Alien Life-311;34.99;
The Turtle Beach House;234;The Turtle Beach House-234;26.99;
Mini Disney Ariel's Castle;557;Mini Disney Ariel's Castle-557;39.99;
Retro Roller Skate;342;Retro Roller Skate-342;29.99;
Elsa's Frozen Castle;163;Elsa's Frozen Castle-163;44.99;
Spice Girls Tribute;578;Spice Girls Tribute-578;49.99;
Pet Adoption Day;400;Pet Adoption Day-400;44.99;
Rocket's Warbird vs. Ronan;290;Rocket's Warbird vs. Ronan-290;37.99;
The Nether Portal Ambush;352;The Nether Portal Ambush-352;37.99;
The Devourer Showdown;420;The Devourer Showdown-420;44.99;
Passenger Express Train;764;Passenger Express Train-764;189.99;
Flying Ford Anglia;165;Flying Ford Anglia-165;14.99;
Spider-Man Race Car & Venom Green Goblin;227;Spider-Man Race Car & Venom Green Goblin-227;34.99;
Knuckles' Guardian Mech;276;Knuckles' Guardian Mech-276;34.99;
Forbidden Forest: Magical Creatures;172;Forbidden Forest: Magical Creatures-172;29.99;
Ford Mustang Dark Horse Sports Car;344;Ford Mustang Dark Horse Sports Car-344;26.99;
Creative Vehicles;390;Creative Vehicles-390;34.99;
Forest Animals: Red Fox;667;Forest Animals: Red Fox-667;49.99;
Hagrid's Hut: An Unexpected Visit;896;Hagrid's Hut: An Unexpected Visit-896;74.99;
Hamster House;416;Hamster House-416;29.99;
Police Speedboat and Crooks' Hideout;311;Police Speedboat and Crooks' Hideout-311;34.99;
The Crimson Firehawk;136;The Crimson Firehawk-136;49.99;
Stargazing Camping Vehicle;364;Stargazing Camping Vehicle-364;29.99;
Dorrie's Sunken Shipwreck Adventure Expansion Set;500;Dorrie's Sunken Shipwreck Adventure Expansion Set-500;44.99;
Vintage Fashion Store;409;Vintage Fashion Store-409;44.99;
Farm Animal Vet Clinic;170;Farm Animal Vet Clinic-170;29.99;
Creative Space Planets;450;Creative Space Planets-450;34.99;
Alphabet Truck;36;Alphabet Truck-36;39.99;
Heartlake City Shopping Mall;1237;Heartlake City Shopping Mall-1237;119.99;
Hedwig at 4 Privet Drive;337;Hedwig at 4 Privet Drive-337;19.99;
Daily Routines: Eating & Bedtime;28;Daily Routines: Eating & Bedtime-28;29.99;
Hogwarts Castle Boathouse;350;Hogwarts Castle Boathouse-350;37.99;
Hogwarts Castle Owlery;364;Hogwarts Castle Owlery-364;44.99;
Hogwarts Express & Hogsmeade Station;1076;Hogwarts Express & Hogsmeade Station-1076;129.99;
Hogwarts Express - Collectors' Edition;5147;Hogwarts Express - Collectors' Edition-5147;499.99;
Hogwarts Icons Collectors' Edition;3012;Hogwarts Icons Collectors' Edition-3012;299.99;
Ice Cream Shop;296;Ice Cream Shop-296;39.99;
Invisible Hand;557;Invisible Hand-557;49.99;
Isabela's Flowerpot;641;Isabela's Flowerpot-641;39.99;
Isabelle's House Visit;389;Isabelle's House Visit-389;39.99;
Julian's Birthday Party;170;Julian's Birthday Party-170;14.99;
Hub (Battery Box);1;Hub (Battery Box)-1;49.99;
Kai's Fire Mech;322;Kai's Fire Mech-322;29.99;
Kai's Ninja Climber Mech;623;Kai's Ninja Climber Mech-623;69.99;
Kai's Dragon Glider;24;Kai's Dragon Glider-24;9.99;
Kai's Source Dragon Battle;120;Kai's Source Dragon Battle-120;37.99;
Kapp'n's Island Boat Tour;233;Kapp'n's Island Boat Tour-233;29.99;
Kawasaki Ninja H2 Motorcycle;643;Kawasaki Ninja H2 Motorcycle-643;84.99;
Mack at the Race;14;Mack at the Race-14;19.99;
Mars Crew Exploration Rover;1599;Mars Crew Exploration Rover-1599;149.99;
Mars Space Base and Rocket;981;Mars Space Base and Rocket-981;79.99;
Tiny Plants;758;Tiny Plants-758;49.99;
Succulents;771;Succulents-771;49.99;
McLaren Formula 1 Team 2022 (Second Edition);1432;McLaren Formula 1 Team 2022 (Second Edition)-1432;199.99;
Mini Disney Castle;567;Mini Disney Castle-567;39.99;
Venomized Groot;630;Venomized Groot-630;49.99;
Dried Flower Centerpiece;812;Dried Flower Centerpiece-812;49.99;
Orchid;608;Orchid-608;49.99;
Medieval Town Square;3304;Medieval Town Square-3304;229.99;
Birdhouse;476;Birdhouse-476;29.99;
Batwing: Batman vs. The Joker;357;Batwing: Batman vs. The Joker-357;37.99;
Lamborghini HuracÃ¡n Tecnica;806;Lamborghini HuracÃ¡n Tecnica-806;49.99;
McLaren Solus GT & McLaren F1 LM;587;McLaren Solus GT & McLaren F1 LM-587;34.99;
Bugatti Bolide Agile Blue;905;Bugatti Bolide Agile Blue-905;49.99;
Mercedes-AMG F1 W12 E Performance & Mercedes-AMG Project One;571;Mercedes-AMG F1 W12 E Performance & Mercedes-AMG Project One-571;34.99;
Spider Tank;526;Spider Tank-526;49.99;
Mercedes-AMG F1 W14 Pull-Back;240;Mercedes-AMG F1 W14 Pull-Back-240;26.99;
Disney Duos;553;Disney Duos-553;44.99;
Yoda's Jedi Starfighter;253;Yoda's Jedi Starfighter-253;34.99;
Moana's Wayfinding Boat;321;Moana's Wayfinding Boat-321;34.99;
Batmobile: Batman vs. The Joker Chase;438;Batmobile: Batman vs. The Joker Chase-438;47.99;
Technic Large Motor;1;Technic Large Motor-1;39.99;
Santa's Sleigh;343;Santa's Sleigh-343;39.99;
Modern Art;805;Modern Art-805;49.99;
Mercedes-AMG F1 W14 E Performance;1642;Mercedes-AMG F1 W14 E Performance-1642;219.99;
Hogwarts Desktop Kit;846;Hogwarts Desktop Kit-846;44.99;
The Axolotl House;242;The Axolotl House-242;26.99;
The Pumpkin Farm;257;The Pumpkin Farm-257;39.99;
Adorable Dogs;475;Adorable Dogs-475;29.99;
Car Wash;243;Car Wash-243;32.99;
Fighter Plane Chase;387;Fighter Plane Chase-387;34.99;
Sora's Transforming Mech Bike Racer;384;Sora's Transforming Mech Bike Racer-384;47.99;
Disney Celebration Train;200;Disney Celebration Train-200;39.99;
Batman Construction Figure;275;Batman Construction Figure-275;32.99;
Zaneâ€™s Dragon Power Spinjitzu Race Car;307;Zaneâ€™s Dragon Power Spinjitzu Race Car-307;34.99;
Lightning McQueen & Mater's Car Wash Fun;29;Lightning McQueen & Mater's Car Wash Fun-29;29.99;
Escape from the Lost Tomb;600;Escape from the Lost Tomb-600;39.99;
NASCAR Next Gen Chevrolet Camaro ZL1;672;NASCAR Next Gen Chevrolet Camaro ZL1-672;49.99;
Combo Race Pack;362;Combo Race Pack-362;29.99;
Captain America Construction Figure;310;Captain America Construction Figure-310;32.99;
Batmobile Pursuit: Batman vs. The Joker;54;Batmobile Pursuit: Batman vs. The Joker-54;26.99;
Asha's Cottage;509;Asha's Cottage-509;49.99;
Velociraptor Escape;137;Velociraptor Escape-137;39.99;
Ultimate Party Kit;1165;Ultimate Party Kit-1165;49.99;
Amy's Animal Rescue Island;388;Amy's Animal Rescue Island-388;49.99;
Explorer Diving Boat;182;Explorer Diving Boat-182;39.99;
Triceratops Research;281;Triceratops Research-281;49.99;
Bugatti Bolide;905;Bugatti Bolide-905;49.99;
Nya and Arin's Baby Dragon Battle;157;Nya and Arin's Baby Dragon Battle-157;34.99;
Paris;649;Paris-649;49.99;
Modified Race Cars;359;Modified Race Cars-359;29.99;
London;468;London-468;39.99;
Wolverine Construction Figure;327;Wolverine Construction Figure-327;32.99;
Monster Truck Race;301;Monster Truck Race-301;29.99;
Camping Adventure;37;Camping Adventure-37;49.99;
Hogwarts: Room of Requirement;587;Hogwarts: Room of Requirement-587;49.99;
Sonic's Speed Sphere Challenge;292;Sonic's Speed Sphere Challenge-292;34.99;
Heartlake City Bus;480;Heartlake City Bus-480;49.99;
Obi-Wan Kenobi's Jedi Starfighter;282;Obi-Wan Kenobi's Jedi Starfighter-282;29.99;
Horse Training;149;Horse Training-149;29.99;
Recycling Truck;261;Recycling Truck-261;29.99;
Kitty Fairy's Garden Party;130;Kitty Fairy's Garden Party-130;34.99;
Sea Rescue Center;376;Sea Rescue Center-376;49.99;
Gaming Tournament Truck;344;Gaming Tournament Truck-344;39.99;
Igloo Holiday Adventure;491;Igloo Holiday Adventure-491;49.99;
Mrs. Castillo's Turtle Van;434;Mrs. Castillo's Turtle Van-434;47.99;
Pirate Snub Fighter;285;Pirate Snub Fighter-285;34.99;
The Sword Outpost;427;The Sword Outpost-427;44.99;
Water Police Detective Missions;278;Water Police Detective Missions-278;39.99;
Ariel's Treasure Chest;370;Ariel's Treasure Chest-370;44.99;
Picnic at Mario's House Expansion Set;259;Picnic at Mario's House Expansion Set-259;37.99;
Grimkeeper the Cage Monster;274;Grimkeeper the Cage Monster-274;37.99;
Life At The Day-Care Center;67;Life At The Day-Care Center-67;44.99;
Ford Mustang Shelby GT500;544;Ford Mustang Shelby GT500-544;49.99;
Beach Camper Van;556;Beach Camper Van-556;49.99;
Iron Man Hulkbuster vs. Thanos;66;Iron Man Hulkbuster vs. Thanos-66;26.99;
Dixie Kong's Jungle Jam Expansion Set;174;Dixie Kong's Jungle Jam Expansion Set-174;26.99;
Ant-Man Construction Figure;289;Ant-Man Construction Figure-289;29.99;
Water Park;19;Water Park-19;39.99;
Pegasus Flying Horse;482;Pegasus Flying Horse-482;49.99;
Dream Playground;75;Dream Playground-75;49.99;
The Hulkbuster: The Battle of Wakanda;385;The Hulkbuster: The Battle of Wakanda-385;49.99;
Monkie Kid's Cloud Airship;547;Monkie Kid's Cloud Airship-547;49.99;
Mobile Police Dog Training;197;Mobile Police Dog Training-197;29.99;
Baby Rocket's Ship;330;Baby Rocket's Ship-330;34.99;
Team Spidey's Mobile Headquarters;187;Team Spidey's Mobile Headquarters-187;49.99;
Ghost Rider Mech & Bike;264;Ghost Rider Mech & Bike-264;34.99;
Skimwing Adventure;262;Skimwing Adventure-262;34.99;
The Frozen Peaks;304;The Frozen Peaks-304;34.99;
Fire Rescue Boat;147;Fire Rescue Boat-147;29.99;
Cole's Earth Dragon EVO;297;Cole's Earth Dragon EVO-297;34.99;
Tenoo Jedi Temple;124;Tenoo Jedi Temple-124;39.99;
4x4 Off-Roader Adventures;252;4x4 Off-Roader Adventures-252;29.99;
The Panda Haven;553;The Panda Haven-553;49.99;
Police Station Chase;173;Police Station Chase-173;39.99;
Aurora's Castle;187;Aurora's Castle-187;44.99;
Triwizard Tournament: The Black Lake;349;Triwizard Tournament: The Black Lake-349;44.99;
Heartlake Downtown Diner;346;Heartlake Downtown Diner-346;29.99;
Creative Party Box;900;Creative Party Box-900;49.99;
Shuri's Sunbird;355;Shuri's Sunbird-355;49.99;
Paisley's House;185;Paisley's House-185;39.99;
Kai's Mech Rider EVO;323;Kai's Mech Rider EVO-323;44.99;
Disney Princess Creative Castlesâ€‹;140;Disney Princess Creative Castlesâ€‹-140;34.99;
Organic Garden;43;Organic Garden-43;44.99;
Alphabet Town;87;Alphabet Town-87;49.99;
Fire Station and Fire Truck;153;Fire Station and Fire Truck-153;39.99;
Organic Market;40;Organic Market-40;29.99;
The Skeleton Dungeon;364;The Skeleton Dungeon-364;34.99;
Stunt Truck & Ring of Fire Challenge;479;Stunt Truck & Ring of Fire Challenge-479;59.99;
Team Spidey at Green Goblin's Lighthouse;149;Team Spidey at Green Goblin's Lighthouse-149;34.99;
AT-ST;87;AT-ST-87;34.99;
Obi-Wan Kenobi vs. Darth Vader;408;Obi-Wan Kenobi vs. Darth Vader-408;49.99;
Skate Park;431;Skate Park-431;49.99;
John Deere 9620R 4WD Tractor;390;John Deere 9620R 4WD Tractor-390;34.99;
Creativity Toolbox Maker Set;588;Creativity Toolbox Maker Set-588;59.99;
Lava Wave Ride Expansion Set;218;Lava Wave Ride Expansion Set-218;34.99;
Mako Submarineâ€‹;553;Mako Submarineâ€‹-553;59.99;
Majestic Tiger;755;Majestic Tiger-755;49.99;
The Madrigal House;587;The Madrigal House-587;49.99;
Fire Truck;21;Fire Truck-21;29.99;
King Namor's Throne Room;355;King Namor's Throne Room-355;34.99;
Santa's Gingerbread House;50;Santa's Gingerbread House-50;34.99;
Pyroraptor & Dilophosaurus Transport;254;Pyroraptor & Dilophosaurus Transport-254;44.99;
Neytiri & Thanator vs. AMP Suit Quaritch;560;Neytiri & Thanator vs. AMP Suit Quaritch-560;44.99;
Big Bad Island Expansion Set;354;Big Bad Island Expansion Set-354;44.99;
T. rex Dinosaur Breakout;140;T. rex Dinosaur Breakout-140;49.99;
Anna and Olaf's Castle Fun;108;Anna and Olaf's Castle Fun-108;29.99;
Blue & Beta Velociraptor Capture;181;Blue & Beta Velociraptor Capture-181;34.99;
Wild Animal Rescue Missions;246;Wild Animal Rescue Missions-246;39.99;
Mars Spacecraft Exploration Missions;298;Mars Spacecraft Exploration Missions-298;39.99;
Unicorn Creative Family Pack;812;Unicorn Creative Family Pack-812;39.99;
Water Park;373;Water Park-373;49.99;
Space Mission;1700;Space Mission-1700;69.99;
Barn & Farm Animals;230;Barn & Farm Animals-230;69.99;
Sunken Treasure Mission;522;Sunken Treasure Mission-522;34.99;
The Nether Bastion;300;The Nether Bastion-300;34.99;
Republic Fighter Tank;262;Republic Fighter Tank-262;39.99;
Space Ride Amusement Truck;433;Space Ride Amusement Truck-433;49.99;
Designer Toolkit - Patterns;1096;Designer Toolkit - Patterns-1096;64.99;
Mickey & Minnie Birthday Train;22;Mickey & Minnie Birthday Train-22;29.99;
Police Station & Helicopter;40;Police Station & Helicopter-40;49.99;
Hogwarts Courtyard: Sirius's Rescue;343;Hogwarts Courtyard: Sirius's Rescue-343;49.99;
The Goat Boat;564;The Goat Boat-564;59.99;
Brick Box;65;Brick Box-65;29.99;
Pet Day-Care Center;593;Pet Day-Care Center-593;69.99;
Hogwarts Hospital Wing;509;Hogwarts Hospital Wing-509;49.99;
Deluxe Brick Box;85;Deluxe Brick Box-85;49.99;
Medium Creative Brick Box;484;Medium Creative Brick Box-484;34.99;
Formula E Porsche 99X Electric;422;Formula E Porsche 99X Electric-422;49.99;
Hogwarts Magical Trunk;602;Hogwarts Magical Trunk-602;64.99;
Police Mobile Command Truck;436;Police Mobile Command Truck-436;49.99;
Jay and Nya's Race Car EVO;536;Jay and Nya's Race Car EVO-536;49.99;
Jasmine and Mulan's Adventure;176;Jasmine and Mulan's Adventure-176;44.99;
Bath Time Fun: Floating Animal Island;21;Bath Time Fun: Floating Animal Island-21;44.99;
The Rabbit Ranch;340;The Rabbit Ranch-340;34.99;
Monkie Kid's Staff Creations;310;Monkie Kid's Staff Creations-310;39.99;
Chang'e Moon Cake Factory;609;Chang'e Moon Cake Factory-609;69.99;
Hoth AT-ST;586;Hoth AT-ST-586;49.99;
Creative Transparent Bricks;500;Creative Transparent Bricks-500;29.99;
Batmobile: The Penguin Chase;402;Batmobile: The Penguin Chase-402;29.99;
Monkie Kid's Cloud Jet;529;Monkie Kid's Cloud Jet-529;59.99;
Boba Fett's Starship;600;Boba Fett's Starship-600;49.99;
Rapunzel's Tower;369;Rapunzel's Tower-369;64.99;
Imperial TIE Fighter;432;Imperial TIE Fighter-432;44.99;
Surfer Beach House;564;Surfer Beach House-564;49.99;
Hedwig;630;Hedwig-630;39.99;
Elsa's Jewelry Box Creation;301;Elsa's Jewelry Box Creation-301;39.99;
Bricks and Wheels;653;Bricks and Wheels-653;39.99;
D.Va & Reinhardt;455;D.Va & Reinhardt-455;39.99;
Junkrat & Roadhog;380;Junkrat & Roadhog-380;49.99;
Bastion;602;Bastion-602;49.99;
Jeep Wrangler;665;Jeep Wrangler-665;49.99;
The Ruined Portal;316;The Ruined Portal-316;29.99;
Triceratops Pickup Truck Ambush;210;Triceratops Pickup Truck Ambush-210;44.99;
Quetzalcoatlus Plane Ambush;306;Quetzalcoatlus Plane Ambush-306;44.99;
Hungarian Horntail Dragon;671;Hungarian Horntail Dragon-671;49.99;
Millennium Falcon;921;Millennium Falcon-921;84.99;
Bouquet of Roses;822;Bouquet of Roses-822;59.99;
Rocket & Baby Groot;566;Rocket & Baby Groot-566;59.99;
The Fauna Collection â€“ Macaw Parrots;644;The Fauna Collection â€“ Macaw Parrots-644;59.99;
Space Astronaut;647;Space Astronaut-647;54.99;
Creative Vehicles;900;Creative Vehicles-900;54.99;
Fire Rescue Plane;485;Fire Rescue Plane-485;54.99;
Farm Animal Sanctuary;489;Farm Animal Sanctuary-489;54.99;
Wild Safari Animals;780;Wild Safari Animals-780;64.99;
Police Mobile Crime Lab Truck;674;Police Mobile Crime Lab Truck-674;54.99;
Creative Houses;850;Creative Houses-850;54.99;
Egalt the Master Dragon;534;Egalt the Master Dragon-534;69.99;
The Frog House;400;The Frog House-400;54.99;
Monkie Kid's Mini Mech;557;Monkie Kid's Mini Mech-557;54.99;
Heartlake City Music Talent Show;670;Heartlake City Music Talent Show-670;64.99;
3in1 Space Shuttle Adventure;58;3in1 Space Shuttle Adventure-58;59.99;
Mirabel's Photo Frame and Jewelry Box;334;Mirabel's Photo Frame and Jewelry Box-334;29.99;
Mr. Oz's Space Car;350;Mr. Oz's Space Car-350;29.99;
Nabbit at Toad's Shop;230;Nabbit at Toad's Shop-230;19.99;
NEOM McLaren Formula E Race Car;452;NEOM McLaren Formula E Race Car-452;49.99;
News Van;446;News Van-446;29.99;
Nook's Cranny & Rosie's House;535;Nook's Cranny & Rosie's House-535;74.99;
Nya's Dragon Glider;26;Nya's Dragon Glider-26;9.99;
Nano Gauntlet;675;Nano Gauntlet-675;69.99;
Wildflower Bouquet;939;Wildflower Bouquet-939;59.99;
New York City;598;New York City-598;59.99;
I am Groot;476;I am Groot-476;54.99;
Piranha Plant;540;Piranha Plant-540;59.99;
Spider-Man's Mask;487;Spider-Man's Mask-487;69.99;
The Mandalorian Helmet;584;The Mandalorian Helmet-584;69.99;
Clone Commander Cody Helmet;766;Clone Commander Cody Helmet-766;69.99;
Peach's Garden Balloon Ride Expansion Set;453;Peach's Garden Balloon Ride Expansion Set-453;49.99;
Peter Pan & Wendy's Flight over London;466;Peter Pan & Wendy's Flight over London-466;59.99;
Executor Super Star Destroyer;630;Executor Super Star Destroyer-630;69.99;
Black Panther: War on the Water;553;Black Panther: War on the Water-553;89.99;
Cozy House;809;Cozy House-809;59.99;
100 Years of Disney Animation Icons;1022;100 Years of Disney Animation Icons-1022;59.99;
Captain Rex Helmet;854;Captain Rex Helmet-854;69.99;
Large Creative Brick Box;790;Large Creative Brick Box-790;59.99;
Police Station;668;Police Station-668;69.99;
Steam Train;59;Steam Train-59;64.99;
Flower Bouquet;756;Flower Bouquet-756;59.99;
Expecto Patronum;754;Expecto Patronum-754;69.99;
Mobile Tiny House;785;Mobile Tiny House-785;64.99;
The Mandalorian's N-1 Starfighter;412;The Mandalorian's N-1 Starfighter-412;59.99;
Arctic Explorer Truck and Mobile Lab;489;Arctic Explorer Truck and Mobile Lab-489;74.99;
Singapore;832;Singapore-832;59.99;
Custom Car Garage;515;Custom Car Garage-515;59.99;60389-1
Autumn's House;853;Autumn's House-853;69.99;
Wolverine's Adamantium Claws;596;Wolverine's Adamantium Claws-596;69.99;
TIE Bomber;625;TIE Bomber-625;64.99;
Lots of Bricks;1000;Lots of Bricks-1000;59.99;
Mei's Guardian Dragon;612;Mei's Guardian Dragon-612;74.99;
Jake & Neytiri's First Banshee Flight;578;Jake & Neytiri's First Banshee Flight-578;59.99;
Princess Leia (Boushh) Helmet;670;Princess Leia (Boushh) Helmet-670;69.99;
Crocodile Car;494;Crocodile Car-494;59.99;
Heatwave Transforming Lava Dragon;479;Heatwave Transforming Lava Dragon-479;54.99;
Adventures with Mario Starter Course;231;Adventures with Mario Starter Course-231;59.99;
Heartlake City Community Kitchen;696;Heartlake City Community Kitchen-696;67.99;
The Deep Dark Battle;584;The Deep Dark Battle-584;64.99;
Fire Command Truck;502;Fire Command Truck-502;64.99;
Dog Rescue Center;617;Dog Rescue Center-617;59.99;
Street Skate Park;454;Street Skate Park-454;67.99;
Quidditch Trunk;599;Quidditch Trunk-599;67.99;
Adventures with Peach Starter Course;354;Adventures with Peach Starter Course-354;59.99;
Creative Ninja Brick Box;544;Creative Ninja Brick Box-544;59.99;
Autumn's Horse Stable;545;Autumn's Horse Stable-545;59.99;
Adventures with Luigi Starter Course;280;Adventures with Luigi Starter Course-280;59.99;
Construction Trucks and Wrecking Ball Crane;235;Construction Trucks and Wrecking Ball Crane-235;59.99;
Peugeot 9X8 Le Mans Hybrid Hypercar;1775;Peugeot 9X8 Le Mans Hybrid Hypercar-1775;199.99;
Princess Enchanted Journey;320;Princess Enchanted Journey-320;64.99;
Construction Site;61;Construction Site-61;64.99;
Creative Color Fun;1500;Creative Color Fun-1500;64.99;
THE BATMAN - BATMOBILE;1360;THE BATMAN - BATMOBILE-1360;99.99;
Dark Trooper Helmet;693;Dark Trooper Helmet-693;69.99;
Planet Earth and Moon in Orbit;526;Planet Earth and Moon in Orbit-526;74.99;
Metkayina Reef Home;529;Metkayina Reef Home-529;79.99;
Lunar New Year Display;872;Lunar New Year Display-872;89.99;
Small Hub Battery;1;Small Hub Battery-1;71.95;
Cat Peach Suit and Frozen Tower Expansion Set;494;Cat Peach Suit and Frozen Tower Expansion Set-494;79.99;
Parking Garage and Car Wash;112;Parking Garage and Car Wash-112;99.99;
Ultimate Stunt Riders Challenge;385;Ultimate Stunt Riders Challenge-385;99.99;
Floating Mountains: Site 26 & RDA Samson;887;Floating Mountains: Site 26 & RDA Samson-887;99.99;
Andrea's Theater School;1154;Andrea's Theater School-1154;99.99;
Venom;565;Venom-565;69.99;
Fliprus Snow Adventure Expansion Set;567;Fliprus Snow Adventure Expansion Set-567;64.99;
The Ministry of Magic;990;The Ministry of Magic-990;99.99;
Iron Man Armory;258;Iron Man Armory-258;89.99;
Ambush on Ferrix;679;Ambush on Ferrix-679;69.99;
Lunar New Year Traditions;1066;Lunar New Year Traditions-1066;79.99;
Fire Brigade;766;Fire Brigade-766;99.99;
T. rex & Atrociraptor Dinosaur Breakout;466;T. rex & Atrociraptor Dinosaur Breakout-466;99.99;
Story of Nian;1076;Story of Nian-1076;79.99;
Nezha's Fire Ring;929;Nezha's Fire Ring-929;99.99;
Organic Grocery Store;830;Organic Grocery Store-830;89.99;
The Crystal King;722;The Crystal King-722;79.99;
Wild Animals of Europe;86;Wild Animals of Europe-86;69.99;
Boba Fett's Throne Room;732;Boba Fett's Throne Room-732;99.99;
Belle and the Beast's Castle;505;Belle and the Beast's Castle-505;89.99;
Evil Macaque's Mech;899;Evil Macaque's Mech-899;89.99;
Floral Art;2870;Floral Art-2870;79.99;
Polaroid OneStep SX-70;516;Polaroid OneStep SX-70-516;79.99;
Family Tree;1040;Family Tree-1040;79.99;
Police Prison Island;980;Police Prison Island-980;99.99;
The Insect Collection;1111;The Insect Collection-1111;79.99;
Mei's Dragon Mech;998;Mei's Dragon Mech-998;99.99;
Pop Star Tour Bus;845;Pop Star Tour Bus-845;84.99;
Alpine Lodge;1517;Alpine Lodge-1517;99.99;
The Sandman's Tower;724;The Sandman's Tower-724;89.99;
X-Men X-Jet;359;X-Men X-Jet-359;84.99;
Tantive IV;654;Tantive IV-654;79.99;
Auspicious Dragon;1171;Auspicious Dragon-1171;89.99;
Fire Station with Fire Truck;844;Fire Station with Fire Truck-844;79.99;
Command Rover and Crane Loader;758;Command Rover and Crane Loader-758;84.99;
Prisoner of Azkaban Figures;697;Prisoner of Azkaban Figures-697;49.99;
Olly's and Paisley's Family Homes;1126;Olly's and Paisley's Family Homes-1126;99.99;
McLaren MP4/4 & Ayrton Senna;693;McLaren MP4/4 & Ayrton Senna-693;79.99;
R2-D2;1050;R2-D2-1050;99.99;
Real Madrid Santiago Bernabeu Stadium;5876;Real Madrid Santiago Bernabeu Stadium-5876;399.99;
Rapunzel's Tower and the Snuggly Duckling Tavern;623;Rapunzel's Tower and the Snuggly Duckling Tavern-623;84.99;
Play with Braille - French Alphabet;287;Play with Braille - French Alphabet-287;89.99;
Sea Animals;421;Sea Animals-421;29.99;
Shadow's Escape;196;Shadow's Escape-196;19.99;
Chimpanzee Smash Stunt Loop;226;Chimpanzee Smash Stunt Loop-226;69.99;
Walt Disney Tribute Camera;811;Walt Disney Tribute Camera-811;99.99;
Botanical Garden;1072;Botanical Garden-1072;79.99;
Vespa 125;1107;Vespa 125-1107;99.99;
Infinity Gauntlet;590;Infinity Gauntlet-590;79.99;
Lloyd and Arin's Ninja Team Mechs;764;Lloyd and Arin's Ninja Team Mechs-764;79.99;
Temple of the Dragon Energy Cores;1026;Temple of the Dragon Energy Cores-1026;94.99;
Diagon Alley Weasleys' Wizard Wheezes;835;Diagon Alley Weasleys' Wizard Wheezes-835;89.99;
The Shrieking Shack & Whomping Willow;773;The Shrieking Shack & Whomping Willow-773;89.99;
Firefighter Aircraft;1134;Firefighter Aircraft-1134;99.99;
Jazz Quartet;1606;Jazz Quartet-1606;99.99;
Hokusai - The Great Wave;1810;Hokusai - The Great Wave-1810;99.99;
The Battle of Hogwarts;740;The Battle of Hogwarts-740;79.99;
Zane's Ice Dragon Creature;984;Zane's Ice Dragon Creature-984;99.99;
Hogwarts Astronomy Tower;971;Hogwarts Astronomy Tower-971;99.99;
Hogsmeade Village Visit;847;Hogsmeade Village Visit-847;89.99;
Mandalorian Fang Fighter vs. TIE Interceptor;964;Mandalorian Fang Fighter vs. TIE Interceptor-964;99.99;
The Avengers Quinjet;795;The Avengers Quinjet-795;99.99;
Emperor's Throne Room Diorama;807;Emperor's Throne Room Diorama-807;99.99;
Star-Lord's Helmet;602;Star-Lord's Helmet-602;79.99;
Snow White and the Seven Dwarfs' Cottage;2228;Snow White and the Seven Dwarfs' Cottage-2228;219.99;
Train Station;907;Train Station-907;99.99;
Ahsoka Tano's T-6 Jedi Shuttle;608;Ahsoka Tano's T-6 Jedi Shuttle-608;79.99;
Gabby's Dollhouse;499;Gabby's Dollhouse-499;79.99;
Sonic's Green Hill Zone Loop Challenge;802;Sonic's Green Hill Zone Loop Challenge-802;99.99;
Holiday Main Street;1516;Holiday Main Street-1516;99.99;
Endor Speeder Chase Diorama;608;Endor Speeder Chase Diorama-608;79.99;
NASA Mars Rover Perseverance;1132;NASA Mars Rover Perseverance-1132;99.99;
Hogwarts: Dumbledore's Office;651;Hogwarts: Dumbledore's Office-651;79.99;
Jay's Titan Mech;798;Jay's Titan Mech-798;79.99;
Holiday Ski Slope and CafÃ©;980;Holiday Ski Slope and CafÃ©-980;79.99;
Sonic the Hedgehog â€“ Green Hill Zone;1125;Sonic the Hedgehog â€“ Green Hill Zone-1125;79.99;
Ultimate Adventure Castle;698;Ultimate Adventure Castle-698;99.99;
Yellow Tusk Elephant;851;Yellow Tusk Elephant-851;79.99;
Heartlake International School;985;Heartlake International School-985;99.99;
Endgame Final Battle;794;Endgame Final Battle-794;99.99;
Move Hub;1;Move Hub-1;79.99;
Payakan the Tulkun & Crabsuit;761;Payakan the Tulkun & Crabsuit-761;99.99;
Brachiosaurus Discovery;512;Brachiosaurus Discovery-512;79.99;
Police Training Academy;823;Police Training Academy-823;99.99;
3in1 Magical Castle;160;3in1 Magical Castle-160;99.99;
Medieval Castle;1426;Medieval Castle-1426;99.99;
Play with Braille - English Alphabet;287;Play with Braille - English Alphabet-287;89.99;
BTS Dynamite;749;BTS Dynamite-749;99.99;
Apartment Building;688;Apartment Building-688;94.99;
Mr. Oz's Space Bus;878;Mr. Oz's Space Bus-878;99.99;
Icons of Play;899;Icons of Play-899;99.99;
Larry's and Mortonâ€™s Airships Expansion Set;1062;Larry's and Mortonâ€™s Airships Expansion Set-1062;79.99;
The Hoopty;429;The Hoopty-429;89.99;
The Crafting Box 4.0;605;The Crafting Box 4.0-605;79.99;
Fire Station & Helicopter;116;Fire Station & Helicopter-116;89.99;
Double Loop Stunt Arena;598;Double Loop Stunt Arena-598;159.99;
3in1 Tree House;126;3in1 Tree House-126;89.99;
Sonic vs Dr Eggman's Death Egg Robot;615;Sonic vs Dr Eggman's Death Egg Robot-615;59.99;
Cinderella and Prince Charming's Castle;365;Cinderella and Prince Charming's Castle-365;89.99;
Sea Rescue Boat;717;Sea Rescue Boat-717;79.99;
Santa's Visit;1445;Santa's Visit-1445;99.99;
Creative Fantasy Universe;1800;Creative Fantasy Universe-1800;89.99;
Stable Of Dream Creatures;681;Stable Of Dream Creatures-681;79.99;
The Mighty Azure Lion;796;The Mighty Azure Lion-796;79.99;
Lunar New Year Parade;1655;Lunar New Year Parade-1655;129.99;
T. rex Breakout;1212;T. rex Breakout-1212;99.99;
King Magnifico's Castle;613;King Magnifico's Castle-613;99.99;
Lunar New Year Ice Festival;1519;Lunar New Year Ice Festival-1519;119.99;
Amusement Park;95;Amusement Park-95;109.99;
Winnie the Pooh;1265;Winnie the Pooh-1265;99.99;
BD-1;1062;BD-1-1062;99.99;
The Training Grounds;534;The Training Grounds-534;79.99;
NASA Apollo 11 Lunar Lander;1087;NASA Apollo 11 Lunar Lander-1087;99.99;
Monkie Kid's Galactic Explorer;1356;Monkie Kid's Galactic Explorer-1356;129.99;
4 Privet Drive;797;4 Privet Drive-797;79.99;
Nya's Samurai X MECH;1014;Nya's Samurai X MECH-1014;119.99;
Spring Lantern Festival;1798;Spring Lantern Festival-1798;119.99;
Friendship Tree House;1114;Friendship Tree House-1114;79.99;
Viking Ship and the Midgard Serpent;1192;Viking Ship and the Midgard Serpent-1192;119.99;
Galaxy Explorer;1254;Galaxy Explorer-1254;99.99;
Watchpoint: Gibraltar;730;Watchpoint: Gibraltar-730;89.99;
Lion Dance;882;Lion Dance-882;79.99;
The Child;1073;The Child-1073;89.99;
Bird of Paradise;1173;Bird of Paradise-1173;99.99;
Horizon Forbidden West: Tallneck;1222;Horizon Forbidden West: Tallneck-1222;89.99;
Red London Telephone Box;1460;Red London Telephone Box-1460;114.99;
Andrea's Modern Mansion;2275;Andrea's Modern Mansion-2275;199.99;
Sora's Tech Mech;209;Sora's Tech Mech-209;19.99;
Batcave Shadowbox;3989;Batcave Shadowbox-3989;399.99;
Disney Castle;4837;Disney Castle-4837;399.99;
Concorde;2083;Concorde-2083;199.99;
PAC-MAN Arcade;2651;PAC-MAN Arcade-2651;269.99;
Natural History Museum;4015;Natural History Museum-4015;299.99;
Titanic;9092;Titanic-9092;679.99;
Gringotts Wizarding Bank â€“ Collectors' Edition;4809;Gringotts Wizarding Bank â€“ Collectors' Edition-4809;429.99;
Lion Knights' Castle;4515;Lion Knights' Castle-4515;399.99;
Lord of the Rings: Rivendell;6181;Lord of the Rings: Rivendell-6181;499.99;
Venator-Class Republic Attack Cruiser;5381;Venator-Class Republic Attack Cruiser-5381;649.99;
The Orient Express Train;2540;The Orient Express Train-2540;299.99;
Spider-Man;262;Spider-Man-262;24.99;
Spidey vs. Green Goblin;84;Spidey vs. Green Goblin-84;19.99;
Family Reunion Celebration;1823;Family Reunion Celebration-1823;129.99;
Diagon Alley;5548;Diagon Alley-5548;449.99;
Eiffel tower;10001;Eiffel tower-10001;629.99;
X-Wing Starfighter;87;X-Wing Starfighter-87;239.99;
Eldorado Fortress;2509;Eldorado Fortress-2509;214.99;
NINJAGO City Markets;6163;NINJAGO City Markets-6163;369.99;
Heartlake City Hospital;1044;Heartlake City Hospital-1044;109.99;
Megapolis City 5th Anniversary;2330;Megapolis City 5th Anniversary-2330;189.99;
Modular Space Station;1099;Modular Space Station-1099;109.99;
Space Base and Rocket Launchpad;1424;Space Base and Rocket Launchpad-1424;134.99;
SPIKE Essential;453;SPIKE Essential-453;319.95;
SPIKE Prime;532;SPIKE Prime-532;399.95;
Sports Centre;832;Sports Centre-832;94.99;
Stitch;730;Stitch-730;64.99;
Surface Space Loader;435;Surface Space Loader-435;34.99;
Tails' Workshop and Tornado Plane;376;Tails' Workshop and Tornado Plane-376;39.99;
Talking Sorting Hat;561;Talking Sorting Hat-561;99.99;
Team Spidey Web Spinner Headquarters;193;Team Spidey Web Spinner Headquarters-193;54.99;
Porsche 911 Turbo & 911 Targa;1458;Porsche 911 Turbo & 911 Targa-1458;169.99;
Corvette;1210;Corvette-1210;149.99;
Porsche 911 RSR;1580;Porsche 911 RSR-1580;179.99;
Home Alone;3955;Home Alone-3955;299.99;
A-Frame Cabin;2083;A-Frame Cabin-2083;179.99;
Daily Bugle;3803;Daily Bugle-3803;349.99;
The Office;1165;The Office-1165;119.99;
Motorized Lighthouse;2065;Motorized Lighthouse-2065;299.99;
Hogwarts Castle;6020;Hogwarts Castle-6020;469.99;
AT-AT;6785;AT-AT-6785;849.99;
The Globe;2585;The Globe-2585;229.99;
Nintendo Entertainment System;2646;Nintendo Entertainment System-2646;269.99;
Atari 2600;2532;Atari 2600-2532;239.99;
The Armoury;203;The Armoury-203;19.99;
Jazz Club;2900;Jazz Club-2900;229.99;
Himeji Castle;2125;Himeji Castle-2125;159.99;
Statue of Liberty;1685;Statue of Liberty-1685;119.99;
Tranquil Garden;1363;Tranquil Garden-1363;109.99;
Viking Village;2104;Viking Village-2104;129.99;
Tree House;3037;Tree House-3037;249.99;
The Batman - Batcycle;641;The Batman - Batcycle-641;49.99;
Boutique Hotel;3068;Boutique Hotel-3068;229.99;
Hulkbuster;4049;Hulkbuster-4049;549.99;
Land Rover Classic Defender 90;2344;Land Rover Classic Defender 90-2344;239.99;
Great Pyramid of Giza;1476;Great Pyramid of Giza-1476;129.99;
Liebherr Crawler Crane LR 13000;2883;Liebherr Crawler Crane LR 13000-2883;699.99;
Typewriter;2080;Typewriter-2080;249.99;
Dune Atreides Royal Ornithopter;1370;Dune Atreides Royal Ornithopter-1370;164.99;
Loop Coaster;3756;Loop Coaster-3756;399.99;
Hogwarts Castle and Grounds;2660;Hogwarts Castle and Grounds-2660;169.99;
Sanctum Sanctorum;2713;Sanctum Sanctorum-2713;249.99;
ECTO-1;2352;ECTO-1-2352;239.99;10274-1
2022 Ford GT;1466;2022 Ford GT-1466;119.99;
Taj Mahal;2024;Taj Mahal-2024;119.99;21056-1
Back to the Future Time Machine;1872;Back to the Future Time Machine-1872;199.99;
Little Mermaid Story Book;134;Little Mermaid Story Book-134;19.99;
Spider-Man Final Battle;906;Spider-Man Final Battle-906;109.99;
Millennium Falcon;7541;Millennium Falcon-7541;849.99;
Tropical Ukulele;387;Tropical Ukulele-387;29.99;
John Deere 948L-II Skidder;1492;John Deere 948L-II Skidder-1492;199.99;
Ski and Climbing Center;1045;Ski and Climbing Center-1045;119.99;
Villain Icons;1540;Villain Icons-1540;129.99;
Temple of the Golden Idol;1545;Temple of the Golden Idol-1545;149.99;
The Razor Crest;6187;The Razor Crest-6187;599.99;
The Amazing Spider-Man;2099;The Amazing Spider-Man-2099;199.99;
Venom;296;Venom-296;24.99;
AT-TE Walker;1082;AT-TE Walker-1082;139.99;
Ghost & Phantom II;1394;Ghost & Phantom II-1394;159.99;
Passenger Airplane;913;Passenger Airplane-913;119.99;
Yamaha MT-10 SP;1478;Yamaha MT-10 SP-1478;239.99;
Luke Skywalker's Landspeeder;1890;Luke Skywalker's Landspeeder-1890;239.99;
Captain America's Shield;3128;Captain America's Shield-3128;199.99;
Downtown;2010;Downtown-2010;199.99;
The Little Mermaid Royal Clamshell;1808;The Little Mermaid Royal Clamshell-1808;159.99;
Fender Stratocaster;1079;Fender Stratocaster-1079;119.99;
Space Roller Coaster;874;Space Roller Coaster-874;109.99;
Grand Piano;3662;Grand Piano-3662;399.99;
New Republic E-Wing vs. Shin Hatiâ€™s Starfighter;1056;New Republic E-Wing vs. Shin Hatiâ€™s Starfighter-1056;109.99;
Venom Mech Armour vs. Miles Morales;134;Venom Mech Armour vs. Miles Morales-134;14.99;
Chewbacca;2319;Chewbacca-2319;199.99;
Elemental Dragon vs. The Empress Mech;1039;Elemental Dragon vs. The Empress Mech-1039;129.99;
Yavin 4 Rebel Base;1067;Yavin 4 Rebel Base-1067;169.99;
Coruscant Guard Gunship;1083;Coruscant Guard Gunship-1083;139.99;
Vibrant Creative Brick Box;850;Vibrant Creative Brick Box-850;59.99;
The Starry Night;2316;The Starry Night-2316;169.99;
Republic Gunship;3292;Republic Gunship-3292;399.99;
Ferrari Daytona SP3;3778;Ferrari Daytona SP3-3778;449.99;
Arctic Explorer Ship;817;Arctic Explorer Ship-817;159.99;
The Mighty Bowser;2807;The Mighty Bowser-2807;269.99;
Optimus Prime;1508;Optimus Prime-1508;179.99;
Heartlake City Community Center;1513;Heartlake City Community Center-1513;139.99;
Visitor Center: T. rex & Raptor Attack;693;Visitor Center: T. rex & Raptor Attack-693;129.99;
Audi RS Q e-tron;914;Audi RS Q e-tron-914;179.99;
The Enchanted Treehouse;1016;The Enchanted Treehouse-1016;159.99;
The Iron Golem Fortress;868;The Iron Golem Fortress-868;109.99;
VTOL Heavy Cargo Spaceship LT81;1365;VTOL Heavy Cargo Spaceship LT81-1365;109.99;
Main Street;1459;Main Street-1459;139.99;
R2-D2;2314;R2-D2-2314;239.99;
Fantastical Tree House;1257;Fantastical Tree House-1257;109.99;
Nightmare Shark Ship;1389;Nightmare Shark Ship-1389;139.99;
Beach Amusement Park;1348;Beach Amusement Park-1348;119.99;
Dragon of the East Palace;2371;Dragon of the East Palace-2371;189.99;
Deep-Sea Explorer Submarine;842;Deep-Sea Explorer Submarine-842;109.99;
People;53;People-53;119.95;
Dry Bowser Castle Battle Expansion Set;1321;Dry Bowser Castle Battle Expansion Set-1321;109.99;
3in1 Family House;218;3in1 Family House-218;129.99;
Mos Eisley Cantina;3187;Mos Eisley Cantina-3187;399.99;
Diddy Kong's Mine Cart Ride Expansion Set;1157;Diddy Kong's Mine Cart Ride Expansion Set-1157;109.99;
Super Mario 64 Question Mark Block;2064;Super Mario 64 Question Mark Block-2064;199.99;
Batmobile Tumbler;2049;Batmobile Tumbler-2049;269.99;
NASA Space Shuttle Discovery;2355;NASA Space Shuttle Discovery-2355;199.99;
Monkey King Ultra Mech;1715;Monkey King Ultra Mech-1715;159.99;
Monkie Kid's Team Hideout;1589;Monkie Kid's Team Hideout-1589;139.99;
Toruk Makto & Tree of Souls;1217;Toruk Makto & Tree of Souls-1217;149.99;
Freight Train;1153;Freight Train-1153;199.99;
Groom;255;Groom-255;12.99;
BMW Motorrad M 1000 RR;1918;BMW Motorrad M 1000 RR-1918;249.99;
Airbus H175 Rescue Helicopter;2001;Airbus H175 Rescue Helicopter-2001;209.99;
Lamborghini SiÃ¡n FKP 37;3696;Lamborghini SiÃ¡n FKP 37-3696;449.99;
Wooden Minifigure;1;Wooden Minifigure-1;129.99;
Millennium Falcon;1351;Millennium Falcon-1351;169.99;
Giganotosaurus & Therizinosaurus Attack;810;Giganotosaurus & Therizinosaurus Attack-810;139.99;
Hogwarts Chamber of Secrets;1172;Hogwarts Chamber of Secrets-1172;149.99;
Pirate Ship;1264;Pirate Ship-1264;119.99;
The Justifier;1023;The Justifier-1023;169.99;
Wild Animals of the World;143;Wild Animals of the World-143;129.99;
NINJAGO City Gardens;5709;NINJAGO City Gardens-5709;349.99;
Peach's Castle Expansion Set;1216;Peach's Castle Expansion Set-1216;129.99;
SPIKE Prime Expansion Set;603;SPIKE Prime Expansion Set-603;139.95;
The City of Lanterns;2187;The City of Lanterns-2187;159.99;
Wolf Mask Shadow Dojo;1190;Wolf Mask Shadow Dojo-1190;119.99;
Small Hub;2;Small Hub-2;219.95;
Young Dragon Riyu;132;Young Dragon Riyu-132;15.99;
Heavy Duty Tow Truck;2017;Heavy Duty Tow Truck-2017;159.99;
The Ice Castle;1709;The Ice Castle-1709;219.99;
"Ferrari 488 GTE ""AF Corse #51""";1677;"Ferrari 488 GTE ""AF Corse #51""-1677";199.99;
Ford Mustang;1471;Ford Mustang-1471;169.99;
StoryTales Set;109;StoryTales Set-109;169.95;45005-2
Cargo Train;105;Cargo Train-105;129.99;
Tech Machines;97;Tech Machines-97;249.95;45015-1
My XL World;492;My XL World-492;299.95;
Assembly Square;4002;Assembly Square-4002;299.99;
STEAM Park;303;STEAM Park-303;219.95;
Tubes;150;Tubes-150;174.95;
Zoey and Zian the Cat-Owl;437;Zoey and Zian the Cat-Owl-437;49.99;
Coding Express;235;Coding Express-235;249.95;
Bookshop;2504;Bookshop-2504;199.99;
Chinese New Year Temple Fair;1664;Chinese New Year Temple Fair-1664;119.99;
Black Panther;2961;Black Panther-2961;349.99;
Table Football;2339;Table Football-2339;249.99;
